{"cameraMode":{"drawMode":0,"name":"Shaded","section":"Shading Mode"},"sceneLighting":true,"audioPlay":false,"sceneViewState":{"showFog":true,"showMaterialUpdate":true,"showSkybox":true,"showFlares":true,"showImageEffects":true,"showParticleSystems":true},"in2DMode":false,"pivot":{"x":-2.9298393726348879,"y":-27.508525848388673,"z":0.27029284834861758},"rotation":{"x":0.717295229434967,"y":0.0018513225950300694,"z":-0.0024151054676622154,"w":0.6969143748283386},"size":40.2105712890625,"orthographic":false}