{"cameraMode":{"drawMode":0,"name":"Shaded","section":"Shading Mode"},"sceneLighting":true,"audioPlay":false,"sceneViewState":{"showFog":true,"showMaterialUpdate":true,"showSkybox":true,"showFlares":true,"showImageEffects":true,"showParticleSystems":true},"in2DMode":false,"pivot":{"x":89.60733032226563,"y":-63.527923583984378,"z":32.578067779541019},"rotation":{"x":0.25064653158187868,"y":0.550466775894165,"z":-0.1777254343032837,"w":0.7762788534164429},"size":61.59489440917969,"orthographic":false}