{"cameraMode":{"drawMode":0,"name":"Shaded","section":"Shading Mode"},"sceneLighting":true,"audioPlay":false,"sceneViewState":{"showFog":true,"showMaterialUpdate":true,"showSkybox":true,"showFlares":true,"showImageEffects":true,"showParticleSystems":true},"in2DMode":false,"pivot":{"x":52.69637680053711,"y":-313.38592529296877,"z":20.169675827026368},"rotation":{"x":0.4786170721054077,"y":0.515809178352356,"z":-0.4473815858364105,"w":0.5521640181541443},"size":187.61737060546876,"orthographic":false}