{"cameraMode":{"drawMode":0,"name":"Shaded","section":"Shading Mode"},"sceneLighting":false,"audioPlay":false,"sceneViewState":{"showFog":true,"showMaterialUpdate":true,"showSkybox":false,"showFlares":true,"showImageEffects":true,"showParticleSystems":true},"in2DMode":false,"pivot":{"x":4.405501365661621,"y":6.591362953186035,"z":-2.0541086196899416},"rotation":{"x":0.4406430125236511,"y":0.5475442409515381,"z":-0.42050033807754519,"w":0.573792040348053},"size":4.360660076141357,"orthographic":false}