{"cameraMode":{"drawMode":0,"name":"Shaded","section":"Shading Mode"},"sceneLighting":false,"audioPlay":false,"sceneViewState":{"showFog":true,"showMaterialUpdate":true,"showSkybox":false,"showFlares":true,"showImageEffects":true,"showParticleSystems":true},"in2DMode":false,"pivot":{"x":5.960464477539063e-7,"y":0.8608134388923645,"z":0.08328890800476074},"rotation":{"x":0.29296937584877016,"y":-0.0014105616137385369,"z":0.0005172147648409009,"w":0.9561917185783386},"size":2.472759962081909,"orthographic":false}