{"cameraMode":{"drawMode":0,"name":"Shaded","section":"Shading Mode"},"sceneLighting":false,"audioPlay":false,"sceneViewState":{"showFog":true,"showMaterialUpdate":true,"showSkybox":false,"showFlares":true,"showImageEffects":true,"showParticleSystems":true},"in2DMode":false,"pivot":{"x":-43.948814392089847,"y":0.13610246777534486,"z":26.155065536499025},"rotation":{"x":-0.3432301878929138,"y":-0.6006845831871033,"z":0.3179994523525238,"w":-0.648313045501709},"size":4.597577095031738,"orthographic":false}