{"cameraMode":{"drawMode":0,"name":"Shaded","section":"Shading Mode"},"sceneLighting":false,"audioPlay":false,"sceneViewState":{"showFog":true,"showMaterialUpdate":true,"showSkybox":false,"showFlares":true,"showImageEffects":true,"showParticleSystems":true},"in2DMode":false,"pivot":{"x":0.9826576113700867,"y":2.800157070159912,"z":1.97074556350708},"rotation":{"x":0.3969983160495758,"y":-0.5859358310699463,"z":0.3967597782611847,"w":0.584790050983429},"size":4.71171236038208,"orthographic":false}