{"cameraMode":{"drawMode":0,"name":"Shaded","section":"Shading Mode"},"sceneLighting":false,"audioPlay":false,"sceneViewState":{"showFog":true,"showMaterialUpdate":true,"showSkybox":false,"showFlares":true,"showImageEffects":true,"showParticleSystems":true},"in2DMode":false,"pivot":{"x":-15.819999694824219,"y":2.0,"z":5.659999847412109},"rotation":{"x":0.0015763839473947883,"y":0.9566442370414734,"z":-0.2915411591529846,"w":0.006078330334275961},"size":2.598076105117798,"orthographic":false}