{"cameraMode":{"drawMode":0,"name":"Shaded","section":"Shading Mode"},"sceneLighting":true,"audioPlay":false,"sceneViewState":{"showFog":true,"showMaterialUpdate":true,"showSkybox":true,"showFlares":true,"showImageEffects":true,"showParticleSystems":true},"in2DMode":false,"pivot":{"x":-0.8554009795188904,"y":13.232406616210938,"z":-5.729555130004883},"rotation":{"x":0.44745296239852908,"y":0.5453979969024658,"z":-0.4378925561904907,"w":0.5573030114173889},"size":11.863018989562989,"orthographic":false}