{"cameraMode":{"drawMode":0,"name":"Shaded","section":"Shading Mode"},"sceneLighting":false,"audioPlay":false,"sceneViewState":{"showFog":true,"showMaterialUpdate":true,"showSkybox":false,"showFlares":true,"showImageEffects":true,"showParticleSystems":true},"in2DMode":false,"pivot":{"x":-1.7533214092254639,"y":1.861312985420227,"z":-0.6907349228858948},"rotation":{"x":-0.17966029047966004,"y":0.7208031415939331,"z":-0.20297983288764954,"w":-0.6379531025886536},"size":1.6485068798065186,"orthographic":false}