{"cameraMode":{"drawMode":0,"name":"Shaded","section":"Shading Mode"},"sceneLighting":false,"audioPlay":false,"sceneViewState":{"showFog":true,"showMaterialUpdate":true,"showSkybox":false,"showFlares":true,"showImageEffects":true,"showParticleSystems":true},"in2DMode":false,"pivot":{"x":-12.119998931884766,"y":4.250000476837158,"z":0.011507987976074219},"rotation":{"x":-0.5063319802284241,"y":-0.013971811160445214,"z":0.00820449274033308,"w":-0.8621916770935059},"size":39.88536071777344,"orthographic":false}