{"cameraMode":{"drawMode":0,"name":"Shaded","section":"Shading Mode"},"sceneLighting":false,"audioPlay":false,"sceneViewState":{"showFog":true,"showMaterialUpdate":true,"showSkybox":false,"showFlares":true,"showImageEffects":true,"showParticleSystems":true},"in2DMode":false,"pivot":{"x":4.308448791503906,"y":1.4931845664978028,"z":-0.5408779382705689},"rotation":{"x":0.21923710405826569,"y":-0.4180201292037964,"z":0.10469751805067063,"w":0.8753947019577026},"size":4.103595733642578,"orthographic":false}