{"cameraMode":{"drawMode":0,"name":"Shaded","section":"Shading Mode"},"sceneLighting":true,"audioPlay":false,"sceneViewState":{"showFog":true,"showMaterialUpdate":true,"showSkybox":true,"showFlares":true,"showImageEffects":true,"showParticleSystems":true},"in2DMode":false,"pivot":{"x":-4.201224327087402,"y":33.150779724121097,"z":-7.705502033233643},"rotation":{"x":0.6645438075065613,"y":-0.0161836389452219,"z":0.014283105731010437,"w":0.7470051646232605},"size":11.427502632141114,"orthographic":false}