{"cameraMode":{"drawMode":0,"name":"Shaded","section":"Shading Mode"},"sceneLighting":false,"audioPlay":false,"sceneViewState":{"showFog":true,"showMaterialUpdate":true,"showSkybox":false,"showFlares":true,"showImageEffects":true,"showParticleSystems":true},"in2DMode":false,"pivot":{"x":6.378288269042969,"y":7.363862991333008,"z":-2.2658016681671144},"rotation":{"x":0.3609292805194855,"y":0.6123123168945313,"z":-0.3690403997898102,"w":0.5988675355911255},"size":6.814604759216309,"orthographic":false}