{"cameraMode":{"drawMode":0,"name":"Shaded","section":"Shading Mode"},"sceneLighting":false,"audioPlay":false,"sceneViewState":{"showFog":true,"showMaterialUpdate":true,"showSkybox":false,"showFlares":true,"showImageEffects":true,"showParticleSystems":true},"in2DMode":false,"pivot":{"x":5.960464477539063e-7,"y":0.7394314408302307,"z":0.08328890800476074},"rotation":{"x":0.30284255743026736,"y":-0.6052723526954651,"z":0.26733794808387759,"w":0.6860020756721497},"size":2.5058562755584719,"orthographic":false}