{"cameraMode":{"drawMode":0,"name":"Shaded","section":"Shading Mode"},"sceneLighting":true,"audioPlay":false,"sceneViewState":{"showFog":true,"showMaterialUpdate":true,"showSkybox":true,"showFlares":true,"showImageEffects":true,"showParticleSystems":true},"in2DMode":false,"pivot":{"x":0.4169142246246338,"y":-80.60928344726563,"z":42.26853942871094},"rotation":{"x":0.5159653425216675,"y":-0.025684237480163575,"z":0.015495643950998783,"w":0.8561010360717773},"size":65.01312255859375,"orthographic":false}