{"cameraMode":{"drawMode":0,"name":"Shaded","section":"Shading Mode"},"sceneLighting":false,"audioPlay":false,"sceneViewState":{"showFog":true,"showMaterialUpdate":true,"showSkybox":false,"showFlares":true,"showImageEffects":true,"showParticleSystems":true},"in2DMode":false,"pivot":{"x":8.033248901367188,"y":5.201236724853516,"z":1.2461633682250977},"rotation":{"x":0.14934852719306947,"y":-0.46687567234039309,"z":0.08033283799886704,"w":0.8679620027542114},"size":5.016404151916504,"orthographic":false}