{"cameraMode":{"drawMode":0,"name":"Shaded","section":"Shading Mode"},"sceneLighting":true,"audioPlay":false,"sceneViewState":{"showFog":true,"showMaterialUpdate":true,"showSkybox":true,"showFlares":true,"showImageEffects":true,"showParticleSystems":true},"in2DMode":false,"pivot":{"x":-157.6391143798828,"y":-64.07646179199219,"z":-58.93788528442383},"rotation":{"x":-0.48580366373062136,"y":-0.14699523150920869,"z":0.08333273977041245,"w":-0.8576251268386841},"size":128.4803924560547,"orthographic":false}