{"cameraMode":{"drawMode":0,"name":"Shaded","section":"Shading Mode"},"sceneLighting":true,"audioPlay":false,"sceneViewState":{"showFog":true,"showMaterialUpdate":true,"showSkybox":true,"showFlares":true,"showImageEffects":true,"showParticleSystems":true},"in2DMode":false,"pivot":{"x":26.7169189453125,"y":-545.5438232421875,"z":80.45308685302735},"rotation":{"x":0.6459621787071228,"y":0.1096993014216423,"z":-0.09483400732278824,"w":0.7495928406715393},"size":326.79986572265627,"orthographic":false}