{"cameraMode":{"drawMode":0,"name":"Shaded","section":"Shading Mode"},"sceneLighting":false,"audioPlay":false,"sceneViewState":{"showFog":true,"showMaterialUpdate":true,"showSkybox":false,"showFlares":true,"showImageEffects":true,"showParticleSystems":true},"in2DMode":false,"pivot":{"x":1.810142993927002,"y":5.139935493469238,"z":3.3574461936950685},"rotation":{"x":-0.21589230000972749,"y":0.7707232236862183,"z":-0.33328548073768618,"w":-0.49849942326545718},"size":6.074235916137695,"orthographic":false}