{"cameraMode":{"drawMode":0,"name":"Shaded","section":"Shading Mode"},"sceneLighting":false,"audioPlay":false,"sceneViewState":{"showFog":true,"showMaterialUpdate":true,"showSkybox":false,"showFlares":true,"showImageEffects":true,"showParticleSystems":true},"in2DMode":false,"pivot":{"x":2.910064697265625,"y":6.216796875,"z":9.340686798095704},"rotation":{"x":0.3001340925693512,"y":-0.5882300138473511,"z":0.2493373304605484,"w":0.7084301710128784},"size":114.80663299560547,"orthographic":false}