{"cameraMode":{"drawMode":0,"name":"Shaded","section":"Shading Mode"},"sceneLighting":false,"audioPlay":false,"sceneViewState":{"showFog":true,"showMaterialUpdate":true,"showSkybox":false,"showFlares":true,"showImageEffects":true,"showParticleSystems":true},"in2DMode":false,"pivot":{"x":214.5152587890625,"y":-8.7159423828125,"z":134.38241577148438},"rotation":{"x":-0.3896819055080414,"y":0.1662696897983551,"z":-0.07175701856613159,"w":-0.9029983878135681},"size":140.11526489257813,"orthographic":false}