{"cameraMode":{"drawMode":0,"name":"Shaded","section":"Shading Mode"},"sceneLighting":false,"audioPlay":false,"sceneViewState":{"showFog":true,"showMaterialUpdate":true,"showSkybox":false,"showFlares":true,"showImageEffects":true,"showParticleSystems":true},"in2DMode":false,"pivot":{"x":4.406093120574951,"y":6.591362476348877,"z":-2.0676000118255617},"rotation":{"x":0.4393795430660248,"y":0.5492631793022156,"z":-0.42182040214538576,"w":0.5721468329429627},"size":1.0606601238250733,"orthographic":false}