{"cameraMode":{"drawMode":0,"name":"Shaded","section":"Shading Mode"},"sceneLighting":false,"audioPlay":false,"sceneViewState":{"showFog":true,"showMaterialUpdate":true,"showSkybox":false,"showFlares":true,"showImageEffects":true,"showParticleSystems":true},"in2DMode":false,"pivot":{"x":-2.0102574825286867,"y":0.5920894742012024,"z":-0.2881115972995758},"rotation":{"x":-0.01575505919754505,"y":0.9841769337654114,"z":-0.13156980276107789,"w":-0.11774571239948273},"size":3.179208517074585,"orthographic":false}