{"cameraMode":{"drawMode":0,"name":"Shaded","section":"Shading Mode"},"sceneLighting":true,"audioPlay":false,"sceneViewState":{"showFog":true,"showMaterialUpdate":true,"showSkybox":true,"showFlares":true,"showImageEffects":true,"showParticleSystems":true},"in2DMode":false,"pivot":{"x":14.02749252319336,"y":-47.06100845336914,"z":-19.715578079223634},"rotation":{"x":0.5748142004013062,"y":0.4013116657733917,"z":-0.3848739266395569,"w":0.600551962852478},"size":35.19243240356445,"orthographic":false}