{"cameraMode":{"drawMode":0,"name":"Shaded","section":"Shading Mode"},"sceneLighting":true,"audioPlay":false,"sceneViewState":{"showFog":true,"showMaterialUpdate":true,"showSkybox":true,"showFlares":true,"showImageEffects":true,"showParticleSystems":true},"in2DMode":false,"pivot":{"x":27.58062744140625,"y":-236.4224853515625,"z":89.22676086425781},"rotation":{"x":0.620943546295166,"y":0.0608876496553421,"z":-0.048638757318258288,"w":0.7800743579864502},"size":145.51332092285157,"orthographic":false}