{"cameraMode":{"drawMode":0,"name":"Shaded","section":"Shading Mode"},"sceneLighting":false,"audioPlay":false,"sceneViewState":{"showFog":true,"showMaterialUpdate":true,"showSkybox":false,"showFlares":true,"showImageEffects":true,"showParticleSystems":true},"in2DMode":false,"pivot":{"x":-6.499998569488525,"y":0.12343906611204148,"z":3.25},"rotation":{"x":0.36333662271499636,"y":-0.5730154514312744,"z":0.313359797000885,"w":0.6644910573959351},"size":7.268268585205078,"orthographic":false}