{"cameraMode":{"drawMode":0,"name":"Shaded","section":"Shading Mode"},"sceneLighting":true,"audioPlay":false,"sceneViewState":{"showFog":true,"showMaterialUpdate":true,"showSkybox":true,"showFlares":true,"showImageEffects":true,"showParticleSystems":true},"in2DMode":false,"pivot":{"x":-6.328808784484863,"y":24.71824073791504,"z":-6.302252769470215},"rotation":{"x":0.43018123507499697,"y":-0.09447299689054489,"z":0.045397233217954639,"w":0.8967097997665405},"size":22.643798828125,"orthographic":false}