{"cameraMode":{"drawMode":0,"name":"Shaded","section":"Shading Mode"},"sceneLighting":true,"audioPlay":false,"sceneViewState":{"showFog":true,"showMaterialUpdate":true,"showSkybox":true,"showFlares":true,"showImageEffects":true,"showParticleSystems":true},"in2DMode":false,"pivot":{"x":1.1230192184448243,"y":-18.220169067382814,"z":0.6239243745803833},"rotation":{"x":0.6651463508605957,"y":0.04070126637816429,"z":-0.036356572061777118,"w":0.7447466254234314},"size":19.1965389251709,"orthographic":false}