{"cameraMode":{"drawMode":0,"name":"Shaded","section":"Shading Mode"},"sceneLighting":false,"audioPlay":false,"sceneViewState":{"showFog":true,"showMaterialUpdate":true,"showSkybox":false,"showFlares":true,"showImageEffects":true,"showParticleSystems":true},"in2DMode":false,"pivot":{"x":6.4132890701293949,"y":1.2394315004348755,"z":-0.7500005960464478},"rotation":{"x":0.6532590389251709,"y":-0.0056775719858706,"z":0.004899288062006235,"w":0.7571094036102295},"size":2.5058560371398927,"orthographic":false}