{"cameraMode":{"drawMode":0,"name":"Shaded","section":"Shading Mode"},"sceneLighting":true,"audioPlay":false,"sceneViewState":{"showFog":true,"showMaterialUpdate":true,"showSkybox":true,"showFlares":true,"showImageEffects":true,"showParticleSystems":true},"in2DMode":false,"pivot":{"x":205.87351989746095,"y":1.9201191663742066,"z":-43.3907585144043},"rotation":{"x":0.56287682056427,"y":-0.008677810430526734,"z":0.005910864565521479,"w":0.8264754414558411},"size":15.615510940551758,"orthographic":false}