{"cameraMode":{"drawMode":0,"name":"Shaded","section":"Shading Mode"},"sceneLighting":true,"audioPlay":false,"sceneViewState":{"showFog":true,"showMaterialUpdate":true,"showSkybox":true,"showFlares":true,"showImageEffects":true,"showParticleSystems":true},"in2DMode":false,"pivot":{"x":23.831727981567384,"y":-603.5752563476563,"z":22.72690200805664},"rotation":{"x":0.49910423159599306,"y":0.5003027319908142,"z":-0.485178679227829,"w":0.5151481628417969},"size":326.79986572265627,"orthographic":false}